,Title,Views,Url
0,Nossas regras pra fazer publicidade,22 mil visualiza√ß√µes,https://www.youtube.com/watch?v=3aqeXMIkiq4
1,O QUE ESSA HAMBURGUERIA FEZ PRA ENTRAR NO GUINESS FOI INOVADOR,54 mil visualiza√ß√µes,https://www.youtube.com/watch?v=w62G9TKfLiU
2,NEM VAI PRECISAR SABER TOCAR PRA TER SUA BANDA,66 mil visualiza√ß√µes,https://www.youtube.com/watch?v=82THKuHUWrU
3,NOSSA APOSTA PARA OS JOGOS DO ANO! - GAME AWARDS,110 mil visualiza√ß√µes,https://www.youtube.com/watch?v=qznLrDHJlXk
4,MUSK FEZ O TWITTER (X) PERDER ANUNCIANTES DE NOVO,110 mil visualiza√ß√µes,https://www.youtube.com/watch?v=EIyvoCPn5QA
5,Viih Tube e Eliezer: a culpa NUNCA √© da v√≠tima,140 mil visualiza√ß√µes,https://www.youtube.com/watch?v=g4114Ar9-4E
6,LEON COMENTA FILME LIVE ACTION DE ZELDA,55 mil visualiza√ß√µes,https://www.youtube.com/watch?v=w94bnHLbDTk
7,ELE FEZ UM CORDEL PRA GENTE!,74 mil visualiza√ß√µes,https://www.youtube.com/watch?v=DIFN5u53I4Q
8,LEON OUVIU TAYLOR SWIFT E PAROU EM P√ÅGINA DE FOFOCA,102 mil visualiza√ß√µes,https://www.youtube.com/watch?v=CBwc0AQklmw
9,O QUE LEON ACHOU DO NOVO STEAM DECK OLED,77 mil visualiza√ß√µes,https://www.youtube.com/watch?v=UyR5Tra2ixw
10,AT√â O CAETANO VELOSO SOFRERIA NO ENEM,174 mil visualiza√ß√µes,https://www.youtube.com/watch?v=BH0mlmQQGf8
11,LEON EXPLICA O MOTIVO DA REVOLTA DOS BOTAFOGUENSES,151 mil visualiza√ß√µes,https://www.youtube.com/watch?v=AgTQrIoB6lU
12,QUAL A DIFEREN√áA? - DISCURSO DE √ìDIO e LIBERDADE DE EXPRESS√ÉO,57 mil visualiza√ß√µes,https://www.youtube.com/watch?v=RlzMkxqFQsY
13,OS 10 MELHORES DORAMAS QUE EU J√Å ASSISTI!,105 mil visualiza√ß√µes,https://www.youtube.com/watch?v=gtbF4pYQVgY
14,LEON REAGE AO FOLKLORE de TAYLOR SWIFT,156 mil visualiza√ß√µes,https://www.youtube.com/watch?v=ESQYgJmAROc
15,NOVO MACBOOK M3! VALE A PENA?,118 mil visualiza√ß√µes,https://www.youtube.com/watch?v=FfJ95AfhtHs
16,MICROSOFT CORTOU GAME PASS DOS FUNCION√ÅRIOS?,167 mil visualiza√ß√µes,https://www.youtube.com/watch?v=JZz83h65K4E
17,COMO LIDAR COM O FRACASSO,57 mil visualiza√ß√µes,https://www.youtube.com/watch?v=WRJiH75Z_1Y
18,QUAL O MELHOR? - Steam Deck ou ROG Ally,90 mil visualiza√ß√µes,https://www.youtube.com/watch?v=UJYqgZBSVws
19,CAMPEONATO MUNDIAL DE GEOGUESSR!,314 mil visualiza√ß√µes,https://www.youtube.com/watch?v=fsLs9kGeqSU
20,TAYLOR SWIFT! A NOVA BILION√ÅRIA DO MOMENTO,104 mil visualiza√ß√µes,https://www.youtube.com/watch?v=XAF7onm2LN4
21,DICAS PRA QUEM QUER VIAJAR PRA FORA DO BRASIL!,130 mil visualiza√ß√µes,https://www.youtube.com/watch?v=8jXv-G61D0M
22,MICROSOFT VAI SUBIR O PRE√áO DO XBOX SERIES S,101 mil visualiza√ß√µes,https://www.youtube.com/watch?v=3VfIJKzMOYY
23,HINOS DO FUTEBOL BRASILEIRO!,99 mil visualiza√ß√µes,https://www.youtube.com/watch?v=n8_p42_29nQ
24,2023 FOI O MELHOR ANO PARA O MUNDO GAMER?,138 mil visualiza√ß√µes,https://www.youtube.com/watch?v=b0MxEq_bsYk
25,"O NOVO PlayStation 5 ""SLIM""!",175 mil visualiza√ß√µes,https://www.youtube.com/watch?v=-ko4Q_puFyA
26,MOSTREI A MINHA COLE√á√ÉO DE PSP!,120 mil visualiza√ß√µes,https://www.youtube.com/watch?v=_gNHN8xU458
27,COMO ERAM OS DESENHOS DOS ANOS 80?,129 mil visualiza√ß√µes,https://www.youtube.com/watch?v=6oOnIYIBiiA
28,SECA NO AMAZONAS E ENCHENTES NO SUL. SER√Å QUE AINDA TEM JEITO?,62 mil visualiza√ß√µes,https://www.youtube.com/watch?v=6pp63XyOk2M
29,ACTIVISION BLIZZARD AGORA √â DA MICROSOFT!,119 mil visualiza√ß√µes,https://www.youtube.com/watch?v=WPxCmdXInvw
30,E SE ROUBAREM SEU DNA?,108 mil visualiza√ß√µes,https://www.youtube.com/watch?v=1xD7_G4XMaA
31,O PROBLEMA DA CONSTELA√á√ÉO FAMILIAR,189 mil visualiza√ß√µes,https://www.youtube.com/watch?v=2pztfoQKB7w
32,OS F√É CLUBES FORAM LONGE DEMAIS!,72 mil visualiza√ß√µes,https://www.youtube.com/watch?v=yVj8wmgQQD0
33,√â OFICIAL. Nintendo fecha os servidores do 3DS e Wii U.,106 mil visualiza√ß√µes,https://www.youtube.com/watch?v=7L7FnmiNGLM
34,"Chico, se tu me quiseres...",175 mil visualiza√ß√µes,https://www.youtube.com/watch?v=_78E6qisQsg
35,O QUE PODE ACONTECER COM OS JOGOS?,87 mil visualiza√ß√µes,https://www.youtube.com/watch?v=8sxX1qV1rPg
36,FOMOS PARAR NO CHOQUEI!,363 mil visualiza√ß√µes,https://www.youtube.com/watch?v=SJey0zIUBEY
37,O NOVO √ìCULOS DO FACEBOOK! - Ray-Ban Smart Glasses,191 mil visualiza√ß√µes,https://www.youtube.com/watch?v=-5LSNe_yzy4
38,A PALAVRA QUE SEMPRE USAMOS NO TERMO!,163 mil visualiza√ß√µes,https://www.youtube.com/watch?v=I5fg1B77ahE
39,OS 100 MELHORES ESCUDOS DE TIMES DE FUTEBOL,230 mil visualiza√ß√µes,https://www.youtube.com/watch?v=IwGPzQcYeq0
40,O ROB√î EST√Å FICANDO MUITO INTELIGENTE,167 mil visualiza√ß√µes,https://www.youtube.com/watch?v=U-9bIWCH85Q
41,VAZAMENTOS DO XBOX! - O que sabemos?,206 mil visualiza√ß√µes,https://www.youtube.com/watch?v=lSKsXbQYYEo
42,COMO FOI GRAVAR O V√çDEO MAIS TRABALHOSO DO COISA DE NERD!,86 mil visualiza√ß√µes,https://www.youtube.com/watch?v=fXn9SS_ts5o
43,COBRAN√áA PELA INSTALA√á√ÉO DOS JOGOS? - Caso Unity,134 mil visualiza√ß√µes,https://www.youtube.com/watch?v=fe17uoD8des
44,QUANTAS VEZES VOC√ä PENSA NO IMP√âRIO ROMANO?,105 mil visualiza√ß√µes,https://www.youtube.com/watch?v=bac2HCKNjks
45,"iPHONE 15 SEM GRANDES NOVIDADES, MAS...",544 mil visualiza√ß√µes,https://www.youtube.com/watch?v=Byl98je5p2Y
46,COMO VAI FICAR A EDI√á√ÉO EM TABLETS,121 mil visualiza√ß√µes,https://www.youtube.com/watch?v=TRwetPunFUk
47,PERDI O MEU MARIDO PRA ESSE JOGO!,130 mil visualiza√ß√µes,https://www.youtube.com/watch?v=1Ngqpfxmojk
48,FIZ ALGO DIFERENTE NO YOUTUBE,113 mil visualiza√ß√µes,https://www.youtube.com/watch?v=Btf08YLu3gs
49,PODE ISSO?! - Termo,226 mil visualiza√ß√µes,https://www.youtube.com/watch?v=4HktTlQ9M3o
50,TEORIAS MALUCAS DO TIKTOK,412 mil visualiza√ß√µes,https://www.youtube.com/watch?v=QWEqdbMpbCs
51,O SEGREDO DA NILCE para acertar TODOS OS TERMOS!,96 mil visualiza√ß√µes,https://www.youtube.com/watch?v=XKr5dpFYEKA
52,O NOVO JOGO DO MARIO! - Super Mario Bros. Wonder,141 mil visualiza√ß√µes,https://www.youtube.com/watch?v=-ox3kbMr54U
53,GIGANTES DA IND√öSTRIA MUSICAL,185 mil visualiza√ß√µes,https://www.youtube.com/watch?v=kI_UBfyCFGo
54,N√ÉO ACREDITO QUE ELE COMPROU ISSO! - Playdate,327 mil visualiza√ß√µes,https://www.youtube.com/watch?v=eu-j1u2LK5Y
55,N√ÉO COMPRE seu PC GAMER AGORA!,181 mil visualiza√ß√µes,https://www.youtube.com/watch?v=8o3HsTXoXnQ
56,INC√äNDIOS NO CANAD√Å e os IMPACTOS DA MUDAN√áA CLIM√ÅTICA,418 mil visualiza√ß√µes,https://www.youtube.com/watch?v=S5fCIHzGaok
57,ACERTANDO FILMES EM 1 SEGUNDO - Moviedle,198 mil visualiza√ß√µes,https://www.youtube.com/watch?v=CabFE7IvwEE
58,TESTANDO NOSSO QI - Wikitrivia,123 mil visualiza√ß√µes,https://www.youtube.com/watch?v=mBNbSwolUlc
59,"OS REIS DO ""TERMO"" VOLTARAM!",117 mil visualiza√ß√µes,https://www.youtube.com/watch?v=ULQ_6KaIzLA
60,MEUS JOGOS FAVORITOS DO SWITCH,239 mil visualiza√ß√µes,https://www.youtube.com/watch?v=ZVIWaIOQa3g
61,A B√çBLIA FALA DE FILOSOFIA?,248 mil visualiza√ß√µes,https://www.youtube.com/watch?v=oUlFrB7Cnjs
62,NILCE FEZ A PERSONAGEM DELA EM BALDUR'S GATE 3!,371 mil visualiza√ß√µes,https://www.youtube.com/watch?v=tj9onGNBo-I
63,HOLLYWOOD J√Å FOI MELHOR!,275 mil visualiza√ß√µes,https://www.youtube.com/watch?v=3FzfGopfJ_8
64,IMPOSS√çVEL SALVAR ESSE OVO! - The Password Game,326 mil visualiza√ß√µes,https://www.youtube.com/watch?v=sSHyvzHinWs
65,O QUE EST√Å POR TR√ÅS DO CASO DAS J√ìIAS,209 mil visualiza√ß√µes,https://www.youtube.com/watch?v=b1AIkOsvuyw
66,ACHEI O MEU CHOCOLATE FAVORITO!,145 mil visualiza√ß√µes,https://www.youtube.com/watch?v=QiDqHUOR4ns
67,OPINE AQUI!,103 mil visualiza√ß√µes,https://www.youtube.com/watch?v=9P9OQGbqZLs
68,ISSO √â UM HOMEM FANTASIADO DE URSO?,92 mil visualiza√ß√µes,https://www.youtube.com/watch?v=eH5FQP7pv_k
69,NINTENDO SWITCH 2? - O que j√° sabemos?,158 mil visualiza√ß√µes,https://www.youtube.com/watch?v=MGVNZDy1m14
70,POR QUE ESSA CARTA VALE TANTO?,205 mil visualiza√ß√µes,https://www.youtube.com/watch?v=DhBRRBjbCfE
71,O JOGO DO MOMENTO ACABOU COM A GENTE... üò≠ - The Password Game,503 mil visualiza√ß√µes,https://www.youtube.com/watch?v=hcwgIhpyuVs
72,O COMPUTADOR DO FUTURO - Framework,196 mil visualiza√ß√µes,https://www.youtube.com/watch?v=pIQQvI61cgA
73,OLHA O QUE O FILME DA BARBIE FEZ!,134 mil visualiza√ß√µes,https://www.youtube.com/watch?v=2hfSXWJNgEU
74,O LEON √â NATURAL ou FAKE NATTY?,250 mil visualiza√ß√µes,https://www.youtube.com/watch?v=Ssa-p8iHmPI
75,EST√ÉO ESCONDENDO A VERDADE DO MUNDO?!,311 mil visualiza√ß√µes,https://www.youtube.com/watch?v=Pko_dZoH37g
76,TCHAU PASSARINHO DO TWITTER,249 mil visualiza√ß√µes,https://www.youtube.com/watch?v=Yw4j917Ymns
77,COMPREI O MEU PR√ìPRIO PRESENTE DE ANIVERS√ÅRIO!,255 mil visualiza√ß√µes,https://www.youtube.com/watch?v=Yv2GtM26uBI
78,"TENTANDO TE CONVENCER a assistir ""OPPENHEIMER""!",345 mil visualiza√ß√µes,https://www.youtube.com/watch?v=aGLEDHPIa4s
79,A HORA DA VERDADE! LEON PROVA UMA CAIXONA DE TRENTO,625 mil visualiza√ß√µes,https://www.youtube.com/watch?v=kRThnWwh6-8
80,A Cultura de Instagram ESTRAGA TUDO!,320 mil visualiza√ß√µes,https://www.youtube.com/watch?v=eDynUlSTadw
81,AINDA VALE A PENA MORAR NO CANAD√Å?,419 mil visualiza√ß√µes,https://www.youtube.com/watch?v=5Hy26RBSmxU
82,O QUE EST√Å ACONTECENDO em HOLLYWOOD? - Greve dos Roteiristas,348 mil visualiza√ß√µes,https://www.youtube.com/watch?v=Srn-HhE9vfM
83,BOTAFOGO RUMO AO BRASILEIR√ÉO,178 mil visualiza√ß√µes,https://www.youtube.com/watch?v=WBLTDCx-M1s
84,O NOVO JOGO DO POK√âMON! - Pok√©mon Sleep,141 mil visualiza√ß√µes,https://www.youtube.com/watch?v=DIGY_WOJgP8
85,FUI NO LOCAL DA BATALHA DOS 300 DE ESPARTA.,78 mil visualiza√ß√µes,https://www.youtube.com/watch?v=0IR5mTwLT54
86,FUI PRESO NA GR√âCIA!,309 mil visualiza√ß√µes,https://www.youtube.com/watch?v=bCBNBHEjnV0
87,CONTAMOS (quase) TUDO SOBRE A VIAGEM!,90 mil visualiza√ß√µes,https://www.youtube.com/watch?v=_4zpWanzEnM
88,A NOVA REDE SOCIAL! - THREADS,408 mil visualiza√ß√µes,https://www.youtube.com/watch?v=zfFMa0lI1sQ
89,N√£o vou admitir isso!,137 mil visualiza√ß√µes,https://www.youtube.com/watch?v=BpJAOCmTXJ0
90,A VIDA IMITANDO A ARTE!,151 mil visualiza√ß√µes,https://www.youtube.com/watch?v=wnIyKomjtzM
91,N√ÉO ATUALIZE O SEU NINTENDO 3DS!,226 mil visualiza√ß√µes,https://www.youtube.com/watch?v=iLYM2QPm8RI
92,A MARVEL S√ì EST√Å LAN√áANDO COISA RUIM!,291 mil visualiza√ß√µes,https://www.youtube.com/watch?v=_ZC7MVwDyU0
93,O SWITCH da PLAYSTATION? - Project Q,270 mil visualiza√ß√µes,https://www.youtube.com/watch?v=kXSd5scejpk
94,VAMOS TER QUE VIAJAR PARA...,231 mil visualiza√ß√µes,https://www.youtube.com/watch?v=66bi-Uy8_xk
95,Liberdade de Express√£o e Responsabilidade,120 mil visualiza√ß√µes,https://www.youtube.com/watch?v=Ne1jW82oKBQ
96,USARAM ChatGPT NA ESCOLA e OLHA NO QUE DEU!,499 mil visualiza√ß√µes,https://www.youtube.com/watch?v=7aCdjDpP2ok
97,NINGU√âM LEVA A SERIO OS MEUS SONHOS!,79 mil visualiza√ß√µes,https://www.youtube.com/watch?v=6jjACVRDzXE
98,O TWITTER VAI MUDAR DE NOVO?,202 mil visualiza√ß√µes,https://www.youtube.com/watch?v=EkuJmVz3urE
99,PARIS N√ÉO √â TUDO ISSO!,329 mil visualiza√ß√µes,https://www.youtube.com/watch?v=dr9tt18P1oI
100,VOC√ä SABE A HIST√ìRIA DO SEU SOBRENOME?,210 mil visualiza√ß√µes,https://www.youtube.com/watch?v=HSIUwPID2dk
101,Qual smartphone a gente usa?,453 mil visualiza√ß√µes,https://www.youtube.com/watch?v=lZHKnrwabCM
102,BASTIDORES do LEON JOGANDO O NOVO ZELDA!,149 mil visualiza√ß√µes,https://www.youtube.com/watch?v=P5_De6bV1hE
103,XBOX EM CRISE?!,389 mil visualiza√ß√µes,https://www.youtube.com/watch?v=KkRmjE2OYqk
104,A VERDADEIRA HIST√ìRIA DA GR√âCIA,314 mil visualiza√ß√µes,https://www.youtube.com/watch?v=DbrYK5tv1BI
105,Conseguiram FILMAR um FANTASMA DE VERDADE?,143 mil visualiza√ß√µes,https://www.youtube.com/watch?v=jbLfu60pWaE
106,REAGINDO √ÄS 10 MELHORES COZINHAS DO MUNDO,511 mil visualiza√ß√µes,https://www.youtube.com/watch?v=bInpdIjm3pI
107,Lan√ßaram um filme do jogo TETRIS!,196 mil visualiza√ß√µes,https://www.youtube.com/watch?v=LreAl6d8tkU
108,O DIA QUE EU DORMI NA RUA,111 mil visualiza√ß√µes,https://www.youtube.com/watch?v=M70MW019Gjw
109,JOGAR TAMB√âM √â TRABALHO!,147 mil visualiza√ß√µes,https://www.youtube.com/watch?v=LncIEldIqTM
110,VEJA O QUE MUDOU EM 1 ANO DE AVAN√áOS da INTELIG√äNCIA ARTIFICIAL,175 mil visualiza√ß√µes,https://www.youtube.com/watch?v=f56DKx1UORo
111,TESTANDO o Chat Bing vs ChatGPT,179 mil visualiza√ß√µes,https://www.youtube.com/watch?v=pdbiL_WT7T8
112,O FIM DA LINHA PRO TWITTER?,226 mil visualiza√ß√µes,https://www.youtube.com/watch?v=c1up76bsNbo
113,ASSISTIMOS O FILME DO MARIO!,264 mil visualiza√ß√µes,https://www.youtube.com/watch?v=JmVLKc164eE
114,Os 20 Melhores V√≠deo Games ONDE???,297 mil visualiza√ß√µes,https://www.youtube.com/watch?v=C0rKULBayOo
115,A Nintendo est√° DERRUBANDO v√≠deos no Youtube,226 mil visualiza√ß√µes,https://www.youtube.com/watch?v=9eK695XbaKI
116,O ESPERADO ACONTECEU!,579 mil visualiza√ß√µes,https://www.youtube.com/watch?v=XFM-e9GJ7x8
117,OS BEATLES foram ESQUECIDOS?,138 mil visualiza√ß√µes,https://www.youtube.com/watch?v=NEwbwmat-IE
118,Fala o que quer? Depois n√£o reclama...,401 mil visualiza√ß√µes,https://www.youtube.com/watch?v=Kb85dxtkFFU
119,FRANQUIAS NOST√ÅLGICAS EST√ÉO VOLTANDO COM TUDO,275 mil visualiza√ß√µes,https://www.youtube.com/watch?v=D4X-SBUMgLc
120,NOVOS FILMES DO STAR WARS!,91 mil visualiza√ß√µes,https://www.youtube.com/watch?v=XTYGjFTRm9w
121,O FILME DO MARIO AZEDOU NAS CR√çTICAS,145 mil visualiza√ß√µes,https://www.youtube.com/watch?v=gnk-nlw-1Do
122,REAGINDO √ÄS 25 MELHORES ANIMA√á√ïES,818 mil visualiza√ß√µes,https://www.youtube.com/watch?v=OVOcQ_1-9NM
123,POR QUE O DISCURSO RED PILL √â PERIGOSO?,97 mil visualiza√ß√µes,https://www.youtube.com/watch?v=TCq2Q_hQ6ck
124,A PROFESSORA FOI DEMITIDA POR ENSINAR ARTE CL√ÅSSICA,446 mil visualiza√ß√µes,https://www.youtube.com/watch?v=IuiZLDAWPpU
125,"A LIVE DO CAOS com Soneca, Pizza e Felipe Neto",154 mil visualiza√ß√µes,https://www.youtube.com/watch?v=HDbA1AyBgo0
126,A TRETA das BLOGUEIRAS DE MAQUIAGEM!,121 mil visualiza√ß√µes,https://www.youtube.com/watch?v=KODb05WagLY
127,CANCELANDO MEU PR√ìPRIO MARIDO,154 mil visualiza√ß√µes,https://www.youtube.com/watch?v=mltV_CVckqM
128,E3 FOI CANCELADA! E agora?,84 mil visualiza√ß√µes,https://www.youtube.com/watch?v=1AHkYQbXOA8
129,SURPRESA!,84 mil visualiza√ß√µes,https://www.youtube.com/watch?v=7o-cBVB5bG0
130,R.I.P COISA DE NERD,139 mil visualiza√ß√µes,https://www.youtube.com/watch?v=Qz0C5LG1Cbc
131,NOSSO SOFRIMENTO √â O SEU ENTRETENIMENTO - Termo e Contexto,147 mil visualiza√ß√µes,https://www.youtube.com/watch?v=u4MNI4yHREk
132,O FILME DO MARIO!,75 mil visualiza√ß√µes,https://www.youtube.com/watch?v=wOmahYbCFEM
133,Como foi nossa experi√™ncia no parque do Mario em Los Angeles,116 mil visualiza√ß√µes,https://www.youtube.com/watch?v=HU8yFcfEotM
134,Adolesc√™ncia N√ÉO √© a melhor fase da vida,102 mil visualiza√ß√µes,https://www.youtube.com/watch?v=EKU5hB6ce6o
135,Testamos a intelig√™ncia do ChatGPT ao vivo!,102 mil visualiza√ß√µes,https://www.youtube.com/watch?v=aoBdlrYsFcY
136,N√ÉO VIAJE SEM LEVAR ESSES √çTENS!,319 mil visualiza√ß√µes,https://www.youtube.com/watch?v=qTVzSxEVwks
137,NOSSA VIDA EM DESENHOS!,150 mil visualiza√ß√µes,https://www.youtube.com/watch?v=VZXICraiQEs
138,Teste pra saber se √© afinado!,82 mil visualiza√ß√µes,https://www.youtube.com/watch?v=QZWRaJuGo2U
139,A gente acertou quem ganharia o Oscar?,190 mil visualiza√ß√µes,https://www.youtube.com/watch?v=qTQb7ouWaiY
140,"O ""GEOGUESSR TEMPORAL"". Acertamos tudo?",187 mil visualiza√ß√µes,https://www.youtube.com/watch?v=SJatiTAbWO0
141,PERRENGUES de IN√çCIO DE CARREIRA,357 mil visualiza√ß√µes,https://www.youtube.com/watch?v=MhnnREC9wEI
142,Hist√≥rias BIZARRAS de trabalho,174 mil visualiza√ß√µes,https://www.youtube.com/watch?v=BNgoBJKsn3U
143,FUI MORAR em uma REP√öBLICA TERR√çVEL!,87 mil visualiza√ß√µes,https://www.youtube.com/watch?v=P4tOkhgS69o
144,REAGINDO AO V√çDEO FOFO DO FELIPE NETO,253 mil visualiza√ß√µes,https://www.youtube.com/watch?v=6CdnLIqthAI
145,S√≥ os preparados v√£o sobreviver ao APOCALIPSE ROB√î,84 mil visualiza√ß√µes,https://www.youtube.com/watch?v=nq_m-NxBjf8
146,Maconha liberada em S√£o Paulo pra uso medicinal,92 mil visualiza√ß√µes,https://www.youtube.com/watch?v=oV7RczTev1I
147,The Last of Us x An√©is de Poder - Por que uma √© boa e outra √© ruim?,228 mil visualiza√ß√µes,https://www.youtube.com/watch?v=T95x46DAE5Q
148,NOSSA VERDADEIRA CASA DE HOGWARTS!,176 mil visualiza√ß√µes,https://www.youtube.com/watch?v=gBl6t9N5KDY
149,COM BARBA ou SEM BARBA? O SEGREDO REVELADO,95 mil visualiza√ß√µes,https://www.youtube.com/watch?v=5N50hu7EkFk
150,YOUTUBE SOB NOVO COMANDO! E agora?,260 mil visualiza√ß√µes,https://www.youtube.com/watch?v=jI_T10Zq7J4
151,FILOSOFIA!,117 mil visualiza√ß√µes,https://www.youtube.com/watch?v=5_AgKvQOu2k
152,COMPREI um BARALHO DE MAGIC!,198 mil visualiza√ß√µes,https://www.youtube.com/watch?v=3WC96c0vMyw
153,CONVERSAMOS com uma INTELIG√äNCIA ARTIFICIAL! - ChatGPT,171 mil visualiza√ß√µes,https://www.youtube.com/watch?v=dO9lcQyHRb0
154,O QUE podem ser os UFOs DERRUBADOS no CANAD√Å?,87 mil visualiza√ß√µes,https://www.youtube.com/watch?v=97uveS910J8
155,S√ì SEI QUE NADA SEI!,149 mil visualiza√ß√µes,https://www.youtube.com/watch?v=K40KHN69wIM
156,MINHA PRIMEIRA VEZ NO NORDESTE!,171 mil visualiza√ß√µes,https://www.youtube.com/watch?v=7T91xv9-8KI
157,Est√£o EXPLORANDO os homens com mentiras,268 mil visualiza√ß√µes,https://www.youtube.com/watch?v=6LVtJdZdBWg
158,N√ÉO DEIXE NINGU√âM TE PAUTAR!,96 mil visualiza√ß√µes,https://www.youtube.com/watch?v=AN85RwEPdlc
159,O XBOX vai ABANDONAR O BRASIL?,91 mil visualiza√ß√µes,https://www.youtube.com/watch?v=tRxpD1lM-kE
160,O MOLEQUE N√ÉO CONSEGUIA ESCREVER O PR√ìPRIO NOME!,104 mil visualiza√ß√µes,https://www.youtube.com/watch?v=dK-eNMpTB40
161,A FILOSOFIA GREGA EST√Å EM TODO LUGAR!,83 mil visualiza√ß√µes,https://www.youtube.com/watch?v=5gAqzGoYSzc
162,MINHA BANDA FAVORITA!,102 mil visualiza√ß√µes,https://www.youtube.com/watch?v=fAu9-Lj3Qag
163,VOLTEI A ESTUDAR!,110 mil visualiza√ß√µes,https://www.youtube.com/watch?v=1jYYhAK94MU
164,QUAL √â A RECEITA DO SUCESSO?,101 mil visualiza√ß√µes,https://www.youtube.com/watch?v=F5YOhmitfHI
165,FOMOS INTIMADOS A JOGAR TERMO E...,94 mil visualiza√ß√µes,https://www.youtube.com/watch?v=rAdPMYpXRxA
166,VAMOS VOLTAR PARA O BRASIL?,347 mil visualiza√ß√µes,https://www.youtube.com/watch?v=5b15ci8U5dE
167,"O ACERTO MAIS IMPROV√ÅVEL NO ""TERMO""",116 mil visualiza√ß√µes,https://www.youtube.com/watch?v=3THEMkWH1hA
168,"QUAL √â O MELHOR? - Mac, Linux ou Windows",87 mil visualiza√ß√µes,https://www.youtube.com/watch?v=nNszEwq1s4Q
169,"FIZERAM UM ""TERMO"" PRA GENTE!",276 mil visualiza√ß√µes,https://www.youtube.com/watch?v=w5E-9mf7VaY
170,EU N√ÉO SEI FILME ANTIGO! - Moviedle e Framed,90 mil visualiza√ß√µes,https://www.youtube.com/watch?v=DAhEoduimMo
171,"NOSSA MELHOR COLOCA√á√ÉO NO ""WIKITRIVIA""!",166 mil visualiza√ß√µes,https://www.youtube.com/watch?v=sIh7D87Ve9g
172,PEDIDO DE NAMORA NA LIVE!,43 mil visualiza√ß√µes,https://www.youtube.com/watch?v=4JxuNInYxhE
173,"NUNCA TIVE TANTA SORTE NO ""TERMO""",85 mil visualiza√ß√µes,https://www.youtube.com/watch?v=PNYGLPNyDLM
174,ELA ME TROCOU PELO DORAMA!,187 mil visualiza√ß√µes,https://www.youtube.com/watch?v=1F0mwC_bPP8
175,A DC VAI MUDAR TUDO!,95 mil visualiza√ß√µes,https://www.youtube.com/watch?v=BD8jc-LcpDA
176,O QUE EU FIZ PRA MERECER ISSO?,348 mil visualiza√ß√µes,https://www.youtube.com/watch?v=z4AYLbC4Io8
177,O SISTEMA DE ENSINO DA ALEMANHA √â CRUEL,255 mil visualiza√ß√µes,https://www.youtube.com/watch?v=bM9-NeT_GeQ
178,PRECISEI COLAR‚Ä¶,137 mil visualiza√ß√µes,https://www.youtube.com/watch?v=K-8e-05sIVY
179,MELHORES MOMENTOS em SHOWS!,51 mil visualiza√ß√µes,https://www.youtube.com/watch?v=5kgTxOwKuYI
180,O FIM DO TWITTER?,235 mil visualiza√ß√µes,https://www.youtube.com/watch?v=-TtXcURUGBs
181,"O ""WIKITRIVIA"" N√ÉO SABE DE NADA!",165 mil visualiza√ß√µes,https://www.youtube.com/watch?v=4tERX1dVxdg
182,"COMO O ""COISA DE NERD"" SURGIU?",108 mil visualiza√ß√µes,https://www.youtube.com/watch?v=fBVkjRlc92A
183,O FIM DE UMA ERA DE MEMES?,99 mil visualiza√ß√µes,https://www.youtube.com/watch?v=AypSVFhb1K4
184,DESSA VEZ O TDAH FOI LONGE DEMAIS!,326 mil visualiza√ß√µes,https://www.youtube.com/watch?v=myI9NbHzjmw
185,UM JOGO QUASE PERFEITO! - Elden Ring VS God of War: Ragnarok,203 mil visualiza√ß√µes,https://www.youtube.com/watch?v=E5DujYKxlqw
186,VALEU A PENA COMPRAR O MACBOOK PRO?,245 mil visualiza√ß√µes,https://www.youtube.com/watch?v=cTDHzYvd85I
187,ME PEGARAM NA MENTIRA!,153 mil visualiza√ß√µes,https://www.youtube.com/watch?v=1LUvxwMz7RQ
188,O FAMOSO REFRIGERANTE NO SAQUINHO,108 mil visualiza√ß√µes,https://www.youtube.com/watch?v=YykB0dMO7I4
189,COMO FOI O NOSSO PEDIDO DE CASAMENTO?,254 mil visualiza√ß√µes,https://www.youtube.com/watch?v=4xEHzjiIr4I
190,O POK√âMON SCARLET FOI UM DESASTRE!,198 mil visualiza√ß√µes,https://www.youtube.com/watch?v=opftowbBiZs
191,"FUI OBRIGADO A JOGAR O ""TERMO DIF√çCIL""!",154 mil visualiza√ß√µes,https://www.youtube.com/watch?v=-IQ92iQWZLs
192,COMO SE INFORMAR NA INTERNET?,66 mil visualiza√ß√µes,https://www.youtube.com/watch?v=6hP_UV604GA
193,ESTOU VICIADA EM DORAMA!,290 mil visualiza√ß√µes,https://www.youtube.com/watch?v=IPXj5SDJs-k
194,"O MAIOR ""TERMO"" DE TODOS! Conseguimos?",325 mil visualiza√ß√µes,https://www.youtube.com/watch?v=x9uqiOyH03E
195,DICAS PARA VOC√ä MELHORAR o seu CANAL NO YOUTUBE!,31 mil visualiza√ß√µes,https://www.youtube.com/watch?v=eLZl3y2fy3Q
196,PERDI A CHANCE DE FICAR RICA! - TERMO,131 mil visualiza√ß√µes,https://www.youtube.com/watch?v=sZo4gVn5a5o
197,TODA A VERDADE SOBRE A TRETA DA BGS,482 mil visualiza√ß√µes,https://www.youtube.com/watch?v=-tZrNRSjU_k
198,O ASSUSTADOR AVAN√áO da INTELIG√äNCIA ARTIFICIAL!,110 mil visualiza√ß√µes,https://www.youtube.com/watch?v=gvOCuTkS5tg
199,ASH FINALMENTE VIROU UM MESTRE POK√âMON!,262 mil visualiza√ß√µes,https://www.youtube.com/watch?v=couQ9x6KRbs
200,ABRI UMA CONTA NO KOO!,270 mil visualiza√ß√µes,https://www.youtube.com/watch?v=9mzfbbXiF8w
201,FUI CANCELADO por AMAR DEMAIS!,125 mil visualiza√ß√µes,https://www.youtube.com/watch?v=ExKBABk16Yg
202,"JOGUEI ""TERMO"" SOZINHO!",115 mil visualiza√ß√µes,https://www.youtube.com/watch?v=wOEyLl65GHU
203,O PIOR NEG√ìCIO DA VIDA DO ELON MUSK!,201 mil visualiza√ß√µes,https://www.youtube.com/watch?v=vNU7Bmd2VVc
204,"SOFREMOS, mas o TERMO DIF√çCIL EST√Å DE VOLTA!",230 mil visualiza√ß√µes,https://www.youtube.com/watch?v=UDvdXIzPKTo
205,O ELON MUSK VAI DESTRUIR O TWITTER?,302 mil visualiza√ß√µes,https://www.youtube.com/watch?v=NUjg1Wv6Ojc
206,VENCEMOS!,220 mil visualiza√ß√µes,https://www.youtube.com/watch?v=sDUiTzC4pwU
207,"√â A MELHOR PALAVRA DO ""TERMO""?",216 mil visualiza√ß√µes,https://www.youtube.com/watch?v=Akc7NHjC9mg
208,COMO COME√áAR A LER NIETZSCHE?,87 mil visualiza√ß√µes,https://www.youtube.com/watch?v=e9Boabe8ukY
209,SEU EMPREGO EST√Å EM RISCO!? - Stable Diffusion,159 mil visualiza√ß√µes,https://www.youtube.com/watch?v=63_f8nDApew
210,"ESSE √â MUITO MELHOR QUE O ""TERMO""!",261 mil visualiza√ß√µes,https://www.youtube.com/watch?v=MrMzqvaMn_o
211,A GENTE MORA NO CANADA E APOIA O SOCIALISMO?,237 mil visualiza√ß√µes,https://www.youtube.com/watch?v=ZmAG0xcefBY
212,F√â e POL√çTICA: sempre d√° errado,246 mil visualiza√ß√µes,https://www.youtube.com/watch?v=_fFf6LP8g0Y
213,REAGINDO AO PODER DAS PLACAS DE V√çDEO,74 mil visualiza√ß√µes,https://www.youtube.com/watch?v=jpYtQLsNAV8
214,"QUEBRAMOS O NOSSO RECORDE NO ""WIKITRIVIA""??",179 mil visualiza√ß√µes,https://www.youtube.com/watch?v=Xhzrlemmxec
215,O TERMO T√Å MUITO F√ÅCIL?,151 mil visualiza√ß√µes,https://www.youtube.com/watch?v=TD7eeICVAPw
216,POR QUE REJEITAMOS A EXTREMA DIREITA?,350 mil visualiza√ß√µes,https://www.youtube.com/watch?v=yGTgf1LzBwo
217,"O ""TERMO"" MAIS DESAFIADOR DE TODOS?",183 mil visualiza√ß√µes,https://www.youtube.com/watch?v=CIKya204nBI
218,O QUE EST√Å ACONTECENDO na UCR√ÇNIA?,237 mil visualiza√ß√µes,https://www.youtube.com/watch?v=Rp2JYQU4kS8
219,REAGINDO AO TRAILER de SUPER MARIO BROS,200 mil visualiza√ß√µes,https://www.youtube.com/watch?v=9njXHWNhTBo
220,Os PROBLEMAS do OVERWATCH 2,273 mil visualiza√ß√µes,https://www.youtube.com/watch?v=1W0TAEdK1TA
221,CONHE√áA O CEMIT√âRIO DO GOOGLE!,454 mil visualiza√ß√µes,https://www.youtube.com/watch?v=Sel45MNwPRY
222,"QUE PALAVRA √â ESSA, TERMO???",307 mil visualiza√ß√µes,https://www.youtube.com/watch?v=dqgVSXuhbxk
223,A S√âRIE DE TV MAIS CARA DO MUNDO!?,184 mil visualiza√ß√µes,https://www.youtube.com/watch?v=uhwc0IFSLUY
224,LEON RESPONDE PERGUNTAS SOBRE JOGOS E CONSOLES,64 mil visualiza√ß√µes,https://www.youtube.com/watch?v=YhSFV5aATWg
225,"O ""TERMO"" √â PURA HABILIDADE (e sorte)",138 mil visualiza√ß√µes,https://www.youtube.com/watch?v=9jWsC0W-OaE
226,O QUE ESTAMOS ASSISTINDO?,138 mil visualiza√ß√µes,https://www.youtube.com/watch?v=I1zse0HTBok
227,TESTANDO A NOSSA INTELIG√äNCIA! - Wikitrivia,230 mil visualiza√ß√µes,https://www.youtube.com/watch?v=WENfwQ8G3sY
228,QUAL √â O POK√âMON? - Monk√©po,818 mil visualiza√ß√µes,https://www.youtube.com/watch?v=Kndl5Jr7Vz8
229,"MAIS UM ""TERMO"" ESPECIAL!",208 mil visualiza√ß√µes,https://www.youtube.com/watch?v=h-CsTaBqiJI
230,"CHEGAMOS NA FINAL DO ""GEOGUESSR""?",478 mil visualiza√ß√µes,https://www.youtube.com/watch?v=m_UrwNKKAR8
231,COMO FUNCIONA A CENSURA?,96 mil visualiza√ß√µes,https://www.youtube.com/watch?v=MiaXei7fw14
232,O HACK NO CANAL DO DAVY JONES e os PROBLEMAS do YOUTUBE,161 mil visualiza√ß√µes,https://www.youtube.com/watch?v=MIQj03W6ZnQ
233,"EM BUSCA DO OURO NO ""GEOGUESSR""!",1 mi de visualiza√ß√µes,https://www.youtube.com/watch?v=POnqHgKWx20
234,O LEON ADIVINHA TODOS OS FILMES! - Moviedle,135 mil visualiza√ß√µes,https://www.youtube.com/watch?v=l058t7tj6t0
235,O QUE ACONTECEU PRIMEIRO? - Wikitrivia,141 mil visualiza√ß√µes,https://www.youtube.com/watch?v=AE4RV-pvh1w
236,"O MODO DIF√çCIL DO ""TERMO"" √â MAIS F√ÅCIL?!",117 mil visualiza√ß√µes,https://www.youtube.com/watch?v=ZBG2AB1rX0Q
237,REAGINDO √ÄS PIADAS INDECENTES DA GR√âCIA - Lis√≠strata,237 mil visualiza√ß√µes,https://www.youtube.com/watch?v=7_q3hJEAhvA
238,TODO MUNDO pode ser ORGANIZADO,337 mil visualiza√ß√µes,https://www.youtube.com/watch?v=PZmD1XrruLo
239,ISSO N√ÉO √â JUSTO! - Contexto,92 mil visualiza√ß√µes,https://www.youtube.com/watch?v=xjPMrdh1p9U
240,HATERS DO TWITTER: Responder ou Bloquear?,86 mil visualiza√ß√µes,https://www.youtube.com/watch?v=qWZcgW4HEzM
241,"JOGAMOS ""TERMO"" NO MODO DIF√çCIL!",204 mil visualiza√ß√µes,https://www.youtube.com/watch?v=1dfgrZKwfVk
242,"HUMILHADOS no ""CONTEXTO""",110 mil visualiza√ß√µes,https://www.youtube.com/watch?v=iuOVRw_fjm4
243,ADIVINHANDO FILMES COM OS AMIGOS - Moviedle,139 mil visualiza√ß√µes,https://www.youtube.com/watch?v=o0CozdsPXlQ
244,Como SEMPRE VENCER no GEOGUESSR!,1 mi de visualiza√ß√µes,https://www.youtube.com/watch?v=30hM7aZifV0
245,"JOGAMOS ""TERMO"" E ""WORDLE"" COM O JEFF!",311 mil visualiza√ß√µes,https://www.youtube.com/watch?v=KJa9gEKPC8o
246,Reagindo ao MELHOR JOGADOR de GEOGUESSR!?,296 mil visualiza√ß√µes,https://www.youtube.com/watch?v=EA9xK8fmztI
247,DESCULPA! ACONTECEU - Contexto,146 mil visualiza√ß√µes,https://www.youtube.com/watch?v=QpboF0h1fz0
248,"HOJE A NILCE BRILHOU NO ""TERMO""",169 mil visualiza√ß√µes,https://www.youtube.com/watch?v=Vkb8c7ZGWJU
249,UNINDO LEON E LADY GAGA NO JOGO - Connect the Stars,293 mil visualiza√ß√µes,https://www.youtube.com/watch?v=3_d1LpK_mbk
250,REAGINDO AOS DESENHOS DO DISCORD - Artes da Cambada,256 mil visualiza√ß√µes,https://www.youtube.com/watch?v=zmKfwNo3K6Q
251,COLOCARAM A GENTE NO JOGO! - Connect the Stars,"1,3 mi de visualiza√ß√µes",https://www.youtube.com/watch?v=VDj1wRdrrvE
252,"ADIVINHANDO FILMES EM 1 SEGUNDO! - Framed, Moviedle",418 mil visualiza√ß√µes,https://www.youtube.com/watch?v=hofY34sL9Q4
253,A Nilce PERDEU o celular. COMO!?,168 mil visualiza√ß√µes,https://www.youtube.com/watch?v=j1cmCSdeqvQ
254,COMPRAMOS TUDO PRA NOSSA CASA!,1 mi de visualiza√ß√µes,https://www.youtube.com/watch?v=XC8KD_oDX14
255,DESSA VEZ O ‚ÄúCONTEXTO‚Äù FOI LONGE DEMAIS,165 mil visualiza√ß√µes,https://www.youtube.com/watch?v=n5t7NlFenDQ
256,NUNCA VI ESSA PALAVRA NA MINHA VIDA! - TERMO,284 mil visualiza√ß√µes,https://www.youtube.com/watch?v=vNMrXbcIkoE
257,"JOGOS PARA ADIVINHAR OS FILMES! - Framed, Moviedle e Gamedle.",277 mil visualiza√ß√µes,https://www.youtube.com/watch?v=Y2gBX1no4NI
258,"AMAMOS passar RAIVA NO ""CONTEXTO""",124 mil visualiza√ß√µes,https://www.youtube.com/watch?v=T5rBgn5AJKs
259,"ESSE ""TERMO"" √â ESPECIAL!",401 mil visualiza√ß√µes,https://www.youtube.com/watch?v=f-s0GeTMJ4E
260,Eu jogava o jogo do Stranger Things - Dungeons & Dragons,217 mil visualiza√ß√µes,https://www.youtube.com/watch?v=kzW99NW-mzM
261,BOTEI A CHALEIRA EL√âTRICA NO FOGO,122 mil visualiza√ß√µes,https://www.youtube.com/watch?v=AJd5wDt27_c
262,VOC√ä APRENDEU INGL√äS ERRADO!,380 mil visualiza√ß√µes,https://www.youtube.com/watch?v=a866IIfBF1E
263,"Qual √© a L√ìGICA do ""CONTEXTO""?!",137 mil visualiza√ß√µes,https://www.youtube.com/watch?v=XF1trEqs2nE
264,"O ""TERMO"" DEIXOU a gente GANHAR?",284 mil visualiza√ß√µes,https://www.youtube.com/watch?v=5r1YgSbI3TA
265,VOC√ä CONHECE ESSA PALAVRA? - TERMO,265 mil visualiza√ß√µes,https://www.youtube.com/watch?v=CleEqHOQ64k
266,"Minha cidade √© melhor que a sua, POSSO PROVAR!",120 mil visualiza√ß√µes,https://www.youtube.com/watch?v=P8vFJZpPz5I
267,Por que TODO MUNDO quer ser INFLUENCIADOR DIGITAL?,51 mil visualiza√ß√µes,https://www.youtube.com/watch?v=dqoq7jQmOFg
268,A PIOR HIST√ìRIA DE TERROR QUE ME CONTARAM,101 mil visualiza√ß√µes,https://www.youtube.com/watch?v=UgiLk_ZG-Go
269,"Quase DESISTIMOS do ""CONTEXTO""!",333 mil visualiza√ß√µes,https://www.youtube.com/watch?v=UvwsfZpL5xk
270,A MAIOR Lenda dos Games - Let Me Solo Her,234 mil visualiza√ß√µes,https://www.youtube.com/watch?v=ON6B3yWRTNM
271,NUNCA MAIS vou PERDER no ‚ÄúTERMO‚Äù,265 mil visualiza√ß√µes,https://www.youtube.com/watch?v=6-TtQBgzSaY
272,O MELHOR FILME DO ANO? - Tudo em Todo Lugar ao Mesmo Tempo,116 mil visualiza√ß√µes,https://www.youtube.com/watch?v=GrXio7Fo7QU
273,"O INACREDIT√ÅVEL ACONTECEU! - MacBook Pro 14""",511 mil visualiza√ß√µes,https://www.youtube.com/watch?v=C8IIYvf2te4
274,"REAGINDO AO LEON DE 10 ANOS ATR√ÅS - Freedom Trail, Boston",237 mil visualiza√ß√µes,https://www.youtube.com/watch?v=5svuJLUZC3k
275,O EDDIE VAI VOLTAR? Leon acha que SIM! - Stranger Things,240 mil visualiza√ß√µes,https://www.youtube.com/watch?v=tJfZ3Daan-s
276,EU QUERIA TER ISSO QUANDO ERA MAIS NOVO,63 mil visualiza√ß√µes,https://www.youtube.com/watch?v=7ncTDTSZksU
277,O LUBA GOSTA DE ME VER SOFRER!,205 mil visualiza√ß√µes,https://www.youtube.com/watch?v=qYKRLkbDSlY
278,"NADA √© IMPOSS√çVEL no ""TERMO""!",798 mil visualiza√ß√µes,https://www.youtube.com/watch?v=tPNgzFVjRi0
279,Em QUEM vamos VOTAR e a PEC DO DESESPERO,162 mil visualiza√ß√µes,https://www.youtube.com/watch?v=OWOczmf96b4
280,O Google CRIOU um ROB√î CONSCIENTE? - LaMDA,561 mil visualiza√ß√µes,https://www.youtube.com/watch?v=QwghxxAGaQ4
281,Leon e Nilce REAGEM ao POK√âDEX BRASILEIRO - B√ÅGDEX,1 mi de visualiza√ß√µes,https://www.youtube.com/watch?v=5VT3tI5koNg
282,CASO KLARA: Por que as pessoas fazem isso?,224 mil visualiza√ß√µes,https://www.youtube.com/watch?v=SA3JmSKfX-c
283,ME ARREPENDI de MORAR no CANAD√Å?,759 mil visualiza√ß√µes,https://www.youtube.com/watch?v=HXIEtzHZukk
284,Prometemos NADA e entregamos TUDO! - Jogo da Wikip√©dia,871 mil visualiza√ß√µes,https://www.youtube.com/watch?v=EQIoLU2-OgA
285,"TESTAMOS uma PALAVRA NOVA no ""TERMO""",700 mil visualiza√ß√µes,https://www.youtube.com/watch?v=IviXKqSVijs
286,NUNCA pensei que EU diria isso!,295 mil visualiza√ß√µes,https://www.youtube.com/watch?v=ls-thl-K0Lg
287,RATANAB√Å: S√©rio que voc√™ ACREDITOU nisso?,341 mil visualiza√ß√µes,https://www.youtube.com/watch?v=I3tO3cvTSLQ
288,"Leon sendo PROCESSADO pela NINTENDO em 3, 2, 1",145 mil visualiza√ß√µes,https://www.youtube.com/watch?v=qgo4naC8mwc
289,O CONTEXTO quer te passar uma MENSAGEM SUBLIMINAR. ENTENDA!,179 mil visualiza√ß√µes,https://www.youtube.com/watch?v=rimNMVle_1s
290,"Leon, PELO AMOR DE DEUS, ESCUTA A NILCE! - TERMO",843 mil visualiza√ß√µes,https://www.youtube.com/watch?v=7IAfprHBcsA
291,LEON E NILCE RECOMENDAM,128 mil visualiza√ß√µes,https://www.youtube.com/watch?v=jrnkUoOdaZk
292,COMO VOC√ä DESCOBRE SE TEM TDAH,446 mil visualiza√ß√µes,https://www.youtube.com/watch?v=s6Z73NNXQ-g
293,VAMO FALAR DE POL√çTICA,327 mil visualiza√ß√µes,https://www.youtube.com/watch?v=hdVfKonnZBk
294,CAVALEIROS OU SAMURAIS: QUEM VENCE?,168 mil visualiza√ß√µes,https://www.youtube.com/watch?v=QLCOpqXiVNk
295,O que voc√™ N√ÉO SABE sobre PRODUZIR CONTE√öDO PRA INTERNET,83 mil visualiza√ß√µes,https://www.youtube.com/watch?v=uNJjRGkW8fg
296,A NILCE J√Å DEU UM SOCO NO LULA?,108 mil visualiza√ß√µes,https://www.youtube.com/watch?v=Bo8lJgJPZK0
297,REM√âDIO DE MACONHA: Qual o problema?,104 mil visualiza√ß√µes,https://www.youtube.com/watch?v=PUZJlzsO0CA
298,"LEON vs ""TERMO"": Quem vence essa batalha?","1,5 mi de visualiza√ß√µes",https://www.youtube.com/watch?v=lMxnPjD6ajc
299,VISITAR SUECO √â CILADA!,209 mil visualiza√ß√µes,https://www.youtube.com/watch?v=6ktmSAKRmJY
300,"OBRIGADO, XUXA! - Contexto e Framed",232 mil visualiza√ß√µes,https://www.youtube.com/watch?v=U9P3NDg3jlg
301,QUASE FIQUEI SEM O MEU CELULAR!,234 mil visualiza√ß√µes,https://www.youtube.com/watch?v=z-zRwuVxAik
302,ACERTAMOS ANTES DE TODO MUNDO! - GeoGuessr,475 mil visualiza√ß√µes,https://www.youtube.com/watch?v=S39exsbwFy4
303,LEON MOSTRA OS BASTIDORES DO COISA DE NERD!,110 mil visualiza√ß√µes,https://www.youtube.com/watch?v=zhXs7uvi_3I
304,REAGINDO √ÄS COISAS QUE MANDAMOS NO PRIVADO,567 mil visualiza√ß√µes,https://www.youtube.com/watch?v=PZNYl0vNHMM
305,O V√çDEO GAME PORT√ÅTIL PERFEITO? - Analogue Pocket,90 mil visualiza√ß√µes,https://www.youtube.com/watch?v=e26KxNd8M_Y
306,COISAS QUE VOC√ä ODEIA SEM MOTIVO!,159 mil visualiza√ß√µes,https://www.youtube.com/watch?v=CeRG9RAIHlw
307,ORKUT: O MELHOR LUGAR para encontrar o AMOR!,213 mil visualiza√ß√µes,https://www.youtube.com/watch?v=MckMX-OMwUQ
308,"O ""CONTEXTO"" vai nos ENLOUQUECER!",678 mil visualiza√ß√µes,https://www.youtube.com/watch?v=PRa35L4JZPs
309,"SORTE NO AMOR e no ""TERMO""!",392 mil visualiza√ß√µes,https://www.youtube.com/watch?v=l8wVXAjXx8M
310,A coisa MAIS LEGAL que eu J√Å COMPREI NA VIDA!,149 mil visualiza√ß√µes,https://www.youtube.com/watch?v=fvOu6fhg4rQ
311,"O D√≥ria SALVOU o nosso ""CONTEXTO""",235 mil visualiza√ß√µes,https://www.youtube.com/watch?v=XQ5JL1Alyh0
312,"Nilce descobriu a MELHOR palavra pra come√ßar o ""TERMO""!",612 mil visualiza√ß√µes,https://www.youtube.com/watch?v=qRqpU3SJiWQ
313,Assistimos DOUTOR ESTRANHO 2! Gostamos? - SEM SPOILER,206 mil visualiza√ß√µes,https://www.youtube.com/watch?v=ojMSRKVNG3Q
314,Um rob√¥ pode ROUBAR seu emprego!,165 mil visualiza√ß√µes,https://www.youtube.com/watch?v=wOjOR-7Vc1g
315,"O ""CONTEXTO"" N√ÉO FAZ SENTIDO!",447 mil visualiza√ß√µes,https://www.youtube.com/watch?v=htncdD1t98M
316,"LEON: O MAIS HONESTO NO ""TERMO""",986 mil visualiza√ß√µes,https://www.youtube.com/watch?v=17gzlGJhQic
317,N√ÉO SE CULPE POR DESCANSAR,131 mil visualiza√ß√µes,https://www.youtube.com/watch?v=2j8QFPfYJUc
318,EXISTE SOTAQUE CERTO?,134 mil visualiza√ß√µes,https://www.youtube.com/watch?v=O_7-1qM2lAQ
319,Leon e Nilce reagem ao MELHOR do TIKTOK!,160 mil visualiza√ß√µes,https://www.youtube.com/watch?v=dZs1_3cceoM
320,COMO FOI A PRIMEIRA VEZ DO LEON JOGANDO MINECRAFT,155 mil visualiza√ß√µes,https://www.youtube.com/watch?v=8p-2oIvqZeA
321,"SUCESSO NO ""TERMO"" vs VEXAME NO ""CONTEXTO""","1,3 mi de visualiza√ß√µes",https://www.youtube.com/watch?v=KNu_fQp0wyk
322,ERA REM√âDIO PRA CRIAN√áA!,229 mil visualiza√ß√µes,https://www.youtube.com/watch?v=HlhVZ7C2NPA
323,SEM O T√çTULO VOC√ä N√ÉO VIAJA!,55 mil visualiza√ß√µes,https://www.youtube.com/watch?v=mFg3dS8Hm9w
324,LEON SE SURPREENDEU COM O NOVO MAC STUDIO,207 mil visualiza√ß√µes,https://www.youtube.com/watch?v=DrpGK-yVYg8
325,ME CONFUNDIRAM COM A ELLEN POMPEO!,230 mil visualiza√ß√µes,https://www.youtube.com/watch?v=XJbwUvzYzAg
326,XBOX GAME PASS VS PLAYSTATION PLUS: QUAL O MELHOR?,758 mil visualiza√ß√µes,https://www.youtube.com/watch?v=7-aSZVzycvc
327,COMO O TWITTER ARRUINOU A NOSSA VIDA,269 mil visualiza√ß√µes,https://www.youtube.com/watch?v=DuW3CARRRz0
328,O BBB FOI HORR√çVEL E N√ìS SABEMOS O PORQU√ä,249 mil visualiza√ß√µes,https://www.youtube.com/watch?v=DUTZ-aNwCfc
329,O LEON PERDEU A PACI√äNCIA COM OS GURUS DA INTERNET,754 mil visualiza√ß√µes,https://www.youtube.com/watch?v=hsm6Uf4IKU0
330,O MAIOR NOOB DE DARK SOULS,142 mil visualiza√ß√µes,https://www.youtube.com/watch?v=ndPwJkq3L8w
331,PROBLEMAS NA COMPRA DA ACTIVISION BLIZZARD!,115 mil visualiza√ß√µes,https://www.youtube.com/watch?v=q4y9sGuowTA
332,O CASAMENTO ACABOU. E AGORA?,295 mil visualiza√ß√µes,https://www.youtube.com/watch?v=gMcYK6dFFzw
333,QUAL VIDEOGAME COMPRAR? - O melhor consoles para VOC√ä!,150 mil visualiza√ß√µes,https://www.youtube.com/watch?v=M6VY46_YfyE
334,ISSO VAI MUDAR SEU JEITO DE ESTUDAR (DICAS DE MESTRE COM TDAH),690 mil visualiza√ß√µes,https://www.youtube.com/watch?v=OTzb2zFTBlk
335,SETUP NOVO! - O SEGREDO DA NOSSA BELEZA,52 mil visualiza√ß√µes,https://www.youtube.com/watch?v=Kayy5eDxNtU
336,OS 5 MELHORES √ÅLBUNS DE M√öSICA DOS ANOS 90,72 mil visualiza√ß√µes,https://www.youtube.com/watch?v=ZuhZt7BMwm0
337,O FUTURO DOS JOGOS! - CD Projekt Red + Epic Games,143 mil visualiza√ß√µes,https://www.youtube.com/watch?v=SAEgfzJ6Y80
338,"os MELHORES do MUNDO no ""TERMO"" e ""CONTEXTO""","1,9 mi de visualiza√ß√µes",https://www.youtube.com/watch?v=HLvJyAEP798
339,Revelando BASTIDORES dos v√≠deos de POK√âMON GO!,313 mil visualiza√ß√µes,https://www.youtube.com/watch?v=FdbSElmF__I
340,reagindo ao nosso MELHOR v√≠deo!,230 mil visualiza√ß√µes,https://www.youtube.com/watch?v=nDsw8XX9TPo
341,POR QUE PARAMOS DE JOGAR THE SIMS?,369 mil visualiza√ß√µes,https://www.youtube.com/watch?v=RzAe3oxz_P0
342,Um erro IMPERDO√ÅVEL da Marvel!,224 mil visualiza√ß√µes,https://www.youtube.com/watch?v=rJM0er6C9vw
343,DICAS PARA QUEM QUER MORAR NO CANAD√Å,86 mil visualiza√ß√µes,https://www.youtube.com/watch?v=gf32c22KfQ0
344,Por que paramos de jogar Pok√©mon GO?,1 mi de visualiza√ß√µes,https://www.youtube.com/watch?v=FLEsE0uNpcw
345,A verdade sobre Bacalhau e Alho Por√≥,73 mil visualiza√ß√µes,https://www.youtube.com/watch?v=D_2898OXzmo
346,COMO FOI FAZER PARTE DE UM FILME,136 mil visualiza√ß√µes,https://www.youtube.com/watch?v=WCGJ9rU3ZCU
347,Microsoft comprou a Activision Blizzard. Foi uma boa ideia?,170 mil visualiza√ß√µes,https://www.youtube.com/watch?v=gAgd8_tgcrc
348,NILCE + LEON vs BATMAN - gostamos ou n√£o gostamos?,141 mil visualiza√ß√µes,https://www.youtube.com/watch?v=nSx-chk5OSs
349,O QUE PENSAMOS DA BRUNA MARQUEZINE NA DC,157 mil visualiza√ß√µes,https://www.youtube.com/watch?v=JRmORCPcLjI
350,LEON AMA O STEAM DECK?! (b√¥nus: UMA PREVIS√ÉO DO FUTURO!),226 mil visualiza√ß√µes,https://www.youtube.com/watch?v=a9-RKT8ZF0c
